,E1,E2,W1,W2,N1,N2,S1,S2,Central,NE,NW,SE,SW
0,422.284,186.0,186.096,585.356,337.079,275.0,375.578,503.878,1255.66,399.0,328.0,261.0,355.0
1,320.274,228.0,366.784,474.102,227.819,291.0,232.924,627.825,423.734,1002.9999999999999,245.0,372.0,548.0
2,675.327,216.0,474.453,165.564,272.663,243.0,364.583,674.153,272.663,490.0,248.0,243.0,513.0
3,397.251,207.0,464.523,261.779,301.957,317.0,416.667,509.415,398.133,399.0,188.0,425.0,520.0
4,303.839,188.0,1318.423,639.084,353.333,319.0,312.5,337.076,320.0,320.0,232.0,383.0,340.0
5,163.791,645.0,1085.115,482.697,627.83,411.0,265.574,308.845,187.266,403.0,180.0,441.0,394.0
6,421.348,277.0,330.489,266.963,301.957,300.0,260.417,449.435,187.266,471.0,276.0,998.0,349.0
7,240.0,416.0,620.438,215.869,187.266,259.0,629.325,561.794,264.834,236.0,407.0,366.0,265.0
8,140.449,396.0,328.467,335.241,374.532,1125.0,758.345,370.765,270.079,287.0,368.0,301.0,568.0
9,163.791,276.0,480.035,523.558,227.819,512.0,214.745,376.397,877.556,384.0,300.0,280.0,355.0
10,219.389,366.0,437.956,556.55,322.184,300.0,156.25,413.681,251.244,152.0,384.0,225.0,446.0
11,351.965,242.0,309.682,496.691,301.957,356.0,468.75,319.998,374.532,320.0,441.0,312.0,344.0
12,342.881,268.0,218.978,209.423,398.133,236.0,429.49,572.92,449.438,227.0,367.0,233.0,449.0
13,240.0,366.0,401.46,366.491,299.625,198.0,316.811,636.7,385.604,301.0,342.0,303.0,404.0
14,532.968,266.0,265.697,318.468,285.235,450.0,265.574,463.267,503.881,465.0,245.0,353.0,280.0
15,226.468,377.0,182.482,422.106,438.378,373.0,329.404,154.422,486.891,415.0,313.0,227.0,554.0
16,276.653,318.0,212.808,314.135,262.172,380.0,260.417,262.17,345.301,549.0,173.0,358.0,339.0
17,79.45,245.0,439.474,366.491,264.834,332.0,379.172,224.718,545.327,829.0,294.0,263.0,473.0
18,224.719,313.0,548.66,331.127,469.287,617.0,368.285,427.029,536.248,560.0,243.0,233.0,515.0
19,266.484,166.0,265.697,335.241,423.734,384.0,677.083,529.664,572.924,460.0,283.0,325.0,472.0
20,320.274,154.0,336.48,281.945,381.949,251.0,208.333,345.299,532.31,298.0,383.0,300.0,251.0
21,390.237,175.0,752.392,335.241,455.638,223.0,731.024,154.422,529.668,554.0,490.0,238.0,434.0
22,226.468,249.0,311.825,314.135,239.817,223.0,465.847,227.817,398.133,479.0,421.0,584.0,574.0
23,280.899,322.0,461.646,408.912,385.604,611.0,303.695,301.955,368.871,458.0,255.0,362.0,317.0
24,188.433,288.0,336.48,474.102,317.801,332.0,316.811,737.737,452.549,407.0,391.0,351.0,388.0
25,258.976,223.0,326.433,1048.425,450.996,307.0,214.745,272.661,520.316,544.0,206.0,387.0,359.0
26,241.638,249.0,115.412,314.135,353.333,245.0,208.333,499.684,486.891,294.0,583.0,325.0,293.0
27,337.079,319.0,427.179,381.156,427.032,279.0,260.417,339.151,353.333,454.0,521.0,335.0,186.0
28,421.348,304.0,588.486,610.569,479.635,343.0,329.404,617.689,355.312,471.0,245.0,336.0,424.0
29,314.054,401.0,233.691,370.212,320.0,396.0,260.417,715.537,334.991,613.0,285.0,279.0,611.0
30,710.624,228.0,510.949,408.912,715.542,300.0,396.655,636.7,345.301,371.0,387.0,265.0,391.0
31,338.247,223.0,589.617,215.869,224.719,132.0,774.274,381.946,345.301,697.0,285.0,391.0,284.0
32,308.989,180.0,218.978,314.135,339.153,353.0,751.157,264.832,772.117,352.0,448.0,395.0,186.0
33,179.863,279.0,311.825,408.912,405.118,358.0,445.0,322.182,334.991,287.0,285.0,563.0,328.0
34,539.589,566.0,412.909,431.737,317.801,410.0,465.847,609.689,905.872,322.0,222.0,250.0,574.0
35,872.597,334.0,255.474,680.626,403.383,208.0,260.417,345.299,614.278,565.0,212.0,354.0,293.0
36,675.327,349.0,300.957,556.55,322.184,177.0,494.106,339.151,524.345,425.0,220.0,277.0,453.0
37,595.214,305.0,769.891,281.945,292.519,458.0,582.309,227.817,398.133,396.0,358.0,358.0,209.0
38,428.774,561.0,445.495,366.491,403.383,243.0,725.437,292.517,322.184,316.0,450.0,537.0,2079.0
39,280.899,305.0,300.957,698.514,570.47,269.0,368.285,334.989,201.692,270.0,441.0,570.0,501.0
40,251.244,211.0,464.523,314.135,592.187,430.0,429.49,187.265,457.174,282.0,362.0,271.0,159.0
41,517.952,238.0,611.79,261.779,368.871,343.0,396.655,492.616,345.301,248.0,294.0,366.0,256.0
42,382.064,230.0,738.995,261.779,345.301,411.0,627.166,262.17,292.519,441.0,328.0,410.0,293.0
43,568.777,252.0,291.971,526.17,486.891,439.0,316.811,418.736,187.266,282.0,310.0,382.0,259.0
44,405.118,271.0,154.841,215.869,637.805,367.0,333.496,251.242,385.604,441.0,243.0,420.0,373.0
45,286.462,166.0,531.395,266.963,320.0,353.0,364.583,403.38,149.813,413.0,497.0,448.0,306.0
46,741.594,264.0,852.016,370.212,301.957,559.0,471.635,339.151,675.197,282.0,206.0,253.0,264.0
47,376.865,490.0,443.997,318.468,322.184,483.0,419.909,272.661,864.674,251.0,481.0,187.0,1030.0
48,264.999,319.0,387.962,1193.897,385.604,294.0,494.106,264.832,405.118,603.0,302.0,372.0,355.0
49,631.242,346.0,221.999,157.068,190.975,362.0,312.5,285.233,374.532,413.0,271.0,183.0,256.0
50,196.629,408.0,255.474,296.169,509.418,253.0,582.309,299.623,525.68,580.0,228.0,317.0,291.0
51,202.559,779.0,589.617,596.948,669.983,391.0,629.325,272.661,149.813,262.0,864.0,671.0,461.0
52,158.9,249.0,291.971,630.448,270.079,318.0,260.417,201.69,571.698,381.0,233.0,298.0,159.0
53,308.989,295.0,277.948,266.963,251.244,377.0,468.75,503.878,619.961,415.0,258.0,493.0,532.0
54,188.433,299.0,263.179,296.169,627.83,675.0,312.5,525.677,690.603,337.0,259.0,294.0,673.0
55,163.791,255.0,313.953,370.212,787.408,298.0,260.417,224.718,353.333,352.0,477.0,371.0,280.0
56,101.28,923.0,328.467,296.169,488.33,250.0,679.084,187.265,427.032,295.0,384.0,261.0,209.0
57,276.653,267.0,474.453,422.106,556.782,307.0,480.185,264.832,262.172,268.0,200.0,369.0,388.0
58,204.497,304.0,412.909,209.423,675.197,284.0,445.0,337.076,752.8,530.0,208.0,466.0,198.0
59,427.852,313.0,783.61,596.948,227.819,336.0,627.166,227.817,524.345,274.0,288.0,633.0,753.0
60,188.433,432.0,328.467,296.169,683.456,277.0,531.148,187.265,355.312,324.0,292.0,389.0,330.0
61,303.839,345.0,542.557,351.214,712.595,447.0,652.602,787.403,614.278,329.0,292.0,224.0,891.0
62,572.924,801.0,547.445,261.779,572.924,251.0,368.285,353.33,938.574,335.0,347.0,212.0,398.0
63,188.433,957.0,313.953,370.212,345.301,100.0,471.635,521.659,585.037,433.0,196.0,483.0,224.0
64,414.742,313.0,439.474,209.423,418.739,619.0,644.235,355.31,599.251,371.0,383.0,294.0,296.0
65,303.839,293.0,516.136,318.468,418.739,384.0,396.655,227.817,370.768,1048.0,554.0,332.0,677.0
66,198.626,389.0,685.704,493.924,334.991,236.0,260.417,201.69,411.985,546.0,566.0,251.0,224.0
67,289.203,294.0,394.768,680.626,405.118,342.0,280.477,603.91,476.701,288.0,328.0,527.0,220.0
68,339.411,349.0,425.617,408.912,301.957,413.0,368.285,455.634,423.734,228.0,291.0,574.0,203.0
69,327.582,293.0,285.046,493.924,218.388,418.0,316.811,319.998,787.408,362.0,200.0,317.0,159.0
70,532.968,177.0,475.854,314.135,285.235,307.0,164.702,167.495,469.287,340.0,255.0,432.0,484.0
71,170.864,249.0,657.947,188.772,427.032,367.0,429.49,436.772,264.834,710.0,269.0,186.0,249.0
72,188.433,208.0,255.474,314.135,264.834,362.0,468.75,227.817,285.235,320.0,263.0,383.0,132.0
73,219.389,272.0,394.768,261.779,582.635,467.0,364.583,227.817,438.378,386.0,219.0,212.0,497.0
74,241.638,302.0,475.854,698.514,264.834,387.0,265.574,236.873,239.817,347.0,326.0,242.0,615.0
75,422.284,254.0,437.956,261.779,262.172,225.0,364.583,654.087,368.871,388.0,255.0,408.0,354.0
76,427.852,247.0,403.115,261.779,270.079,768.0,593.841,457.171,370.768,471.0,314.0,259.0,470.0
77,561.798,580.0,474.453,209.423,187.266,298.0,429.49,224.718,582.635,340.0,294.0,425.0,256.0
78,224.719,235.0,291.971,377.543,299.625,321.0,685.049,391.02,757.444,360.0,906.0,354.0,274.0
79,252.809,293.0,451.435,418.847,292.519,479.0,429.49,521.659,582.635,245.0,336.0,477.0,311.0
80,258.976,302.0,547.445,261.779,486.891,300.0,364.583,655.159,488.33,415.0,350.0,238.0,560.0
81,327.582,312.0,557.093,234.142,427.032,275.0,575.279,264.832,236.875,302.0,285.0,367.0,415.0
82,590.556,204.0,594.118,314.135,488.33,372.0,329.404,711.605,743.424,312.0,265.0,316.0,506.0
83,303.839,363.0,416.122,318.468,566.77,416.0,303.695,509.415,374.532,393.0,278.0,251.0,571.0
84,302.537,721.0,637.381,266.963,599.251,443.0,419.909,339.151,339.153,270.0,311.0,537.0,432.0
85,425.077,254.0,601.913,381.156,345.301,113.0,349.386,492.616,385.604,358.0,310.0,503.0,268.0
86,564.6,223.0,182.482,563.89,381.949,360.0,187.789,301.955,545.327,381.0,461.0,408.0,249.0
87,390.237,280.0,328.467,468.285,218.388,319.0,164.702,376.397,270.079,494.0,291.0,336.0,320.0
88,429.693,608.0,277.948,447.329,301.957,362.0,312.5,285.233,436.775,400.0,490.0,319.0,379.0
89,112.36,304.0,344.306,398.73,411.985,366.0,116.462,292.517,345.301,215.0,261.0,354.0,176.0
90,196.629,244.0,330.489,261.779,368.871,265.0,156.25,345.299,486.891,321.0,253.0,233.0,224.0
91,196.629,230.0,326.433,222.127,190.975,563.0,265.574,227.817,385.604,942.0,419.0,453.0,541.0
92,280.899,166.0,474.453,408.912,322.184,277.0,265.574,270.077,436.775,626.0,430.0,438.0,379.0
93,280.899,264.0,427.179,444.254,251.244,358.0,303.695,864.668,413.684,490.0,619.0,303.0,463.0
94,224.719,169.0,510.949,314.135,251.244,251.0,368.285,374.529,292.519,358.0,348.0,373.0,541.0
95,564.6,309.0,547.445,471.203,224.719,392.0,260.417,339.151,368.871,246.0,173.0,367.0,492.0
96,402.186,207.0,451.435,209.423,262.172,695.0,471.635,292.517,488.33,266.0,288.0,335.0,486.0
97,586.534,332.0,474.453,680.626,449.438,409.0,445.0,339.151,581.43,375.0,383.0,194.0,276.0
98,112.36,118.0,328.467,680.626,320.0,248.0,468.75,385.601,405.118,539.0,244.0,291.0,487.0
99,163.791,360.0,437.956,628.27,683.456,410.0,214.745,711.605,654.092,360.0,188.0,279.0,645.0
100,233.532,669.825,,234.142,154.423,238.923,536.231,374.529,149.813,396.488,290.004,562.172,564.333
101,215.306,280.359,,215.869,187.266,769.236,312.5,149.812,239.817,241.356,323.937,470.497,262.618
102,369.246,268.733,,314.135,503.881,291.427,429.49,524.341,270.079,417.085,477.9,338.199,399.043
103,472.866,239.697,,471.203,285.235,320.982,,,285.235,254.237,279.159,637.838,300.445
104,266.267,196.729,,209.423,167.496,320.982,,,662.614,300.287,351.359,250.289,356.062
105,330.264,229.927,,390.95,262.172,389.564,,,585.037,152.123,310.56,255.163,262.618
106,165.132,338.983,,171.764,322.184,477.845,,,345.301,227.747,310.56,355.945,473.442
107,266.267,640.301,,157.068,301.957,527.692,,,457.174,367.232,410.128,268.601,318.471
108,208.877,653.731,,1193.897,503.881,412.14,,,385.604,266.497,196.416,286.358,159.236
109,261.097,321.808,,,270.079,422.153,,,503.881,225.989,527.77,199.421,503.547
110,215.306,203.703,,,423.734,316.615,,,486.891,203.703,316.711,344.387,360.309
111,532.535,304.247,,,270.079,403.606,,,521.662,282.486,439.198,291.232,327.886
112,417.755,286.846,,,211.867,374.995,,,503.881,340.158,295.277,293.039,513.52
113,469.974,381.327,,,187.266,352.014,,,427.032,582.36,279.159,252.389,318.471
114,481.438,266.33,,,187.266,425.439,,,411.985,361.758,279.159,150.079,213.637
115,313.316,539.278,,,239.817,538.142,,,503.881,431.196,316.711,193.145,300.445
116,215.306,133.165,555.0,560.0,262.172,353.986,483.176,352.0,502.487,505.326,433.896,199.421,414.013
117,317.638,403.031,398.0,852.0,427.032,352.014,370.579,464.0,455.638,282.486,277.773,339.757,338.54
118,417.755,239.697,298.0,414.0,292.519,263.846,521.159,341.0,227.819,361.758,377.813,384.922,574.132
119,261.097,262.305,380.0,398.0,301.957,507.518,314.932,373.0,391.023,736.633,385.895,244.6,284.849
120,365.535,378.995,377.0,747.0,405.118,455.468,390.625,360.0,345.301,164.716,235.699,244.6,350.318
121,233.532,304.247,477.0,414.0,264.834,380.524,429.688,494.0,457.174,232.944,216.948,302.495,486.125
122,376.559,252.663,472.0,618.0,201.692,422.153,390.625,315.0,374.532,542.638,223.948,232.048,272.102
123,421.006,444.46,466.0,463.0,272.663,425.439,384.721,360.0,605.075,463.311,196.416,240.244,95.541
124,208.877,186.431,363.0,328.0,227.819,384.165,390.625,333.0,218.388,203.703,222.219,623.609,162.389
125,261.097,470.81,422.0,477.0,322.184,318.806,368.515,352.0,715.542,427.479,211.546,250.289,95.541
126,266.267,472.314,307.0,528.0,438.378,333.741,386.699,655.0,552.99,227.747,200.305,368.574,31.847
127,522.193,497.189,492.0,328.0,418.739,337.888,392.573,309.0,262.172,619.54,362.172,525.613,402.838
128,304.488,297.766,534.0,414.0,,250.306,360.138,403.0,525.68,241.356,583.324,268.601,162.389
129,215.306,598.503,330.0,382.0,,320.982,360.138,395.0,381.949,189.497,365.354,391.719,131.309
130,147.699,519.515,481.0,439.0,,335.821,422.526,439.0,637.805,459.854,510.68,265.305,360.309
131,261.097,313.433,424.0,472.0,,527.692,415.24,498.0,536.248,319.596,196.416,345.916,229.653
132,208.877,551.31,389.0,648.0,,436.743,468.75,720.0,322.184,404.458,283.274,490.994,256.76
133,334.367,429.445,422.0,621.0,,186.567,390.625,723.0,561.798,266.497,355.724,323.847,45.039
134,313.316,263.653,667.0,382.0,,166.871,531.307,341.0,403.383,304.247,397.711,431.886,95.541
135,261.097,619.468,472.0,463.0,,300.831,476.819,613.0,413.684,278.216,316.711,331.897,185.699
136,380.162,475.308,454.0,459.0,,486.508,276.214,456.0,345.301,520.878,248.448,342.337,284.849
137,313.316,269.639,472.0,618.0,,401.878,370.579,668.0,499.688,112.994,589.247,402.793,302.128
138,1044.386,703.132,321.0,560.0,,380.524,349.386,559.0,525.68,227.747,465.633,356.439,273.959
139,522.193,380.862,529.0,278.0,,186.567,531.307,439.0,488.33,357.32,500.763,431.886,159.236
140,626.632,328.894,574.0,353.0,,211.077,390.625,690.0,403.383,353.954,361.106,456.449,272.102
141,369.246,188.324,449.0,590.0,,523.719,386.699,395.0,488.33,557.149,237.33,515.13,127.389
142,417.755,532.66,434.0,398.0,,477.845,384.721,341.0,334.991,376.883,314.265,283.889,351.763
143,446.162,251.255,481.0,382.0,,307.694,436.732,526.0,509.418,283.895,362.172,586.079,142.425
144,369.246,303.663,380.0,512.0,,486.508,333.75,333.0,405.118,159.798,499.992,286.358,284.849
145,522.193,497.189,549.0,810.0,,502.001,509.313,559.0,411.985,294.924,277.773,187.599,127.389
146,261.097,297.766,416.0,696.0,,373.134,390.625,464.0,218.388,482.712,362.172,484.137,127.389
147,208.877,282.486,449.0,723.0,,410.448,546.875,349.0,427.032,290.837,256.095,553.974,159.236
148,472.866,241.172,449.0,382.0,,519.716,312.5,412.0,427.032,112.994,361.106,285.743,142.425
149,215.306,226.772,472.0,414.0,,534.247,351.562,488.0,,482.712,416.66,454.13,313.658
150,747.667,335.301,574.0,382.0,,367.495,415.24,464.0,,340.158,316.711,235.061,262.618
151,785.029,414.313,398.0,472.0,,373.134,594.982,414.0,,260.439,194.441,266.629,131.309
152,421.006,571.835,563.0,512.0,394.26,497.823,390.625,552.0,280.899,683.242,377.813,187.599,191.083
153,215.306,162.002,472.0,563.0,226.468,455.468,436.732,472.0,405.118,282.486,138.887,202.051,191.083
154,710.26,269.639,477.0,604.0,402.186,373.134,360.138,498.0,438.778,401.488,168.963,262.639,63.694
155,446.162,263.653,513.0,371.0,606.377,298.507,531.307,391.0,341.728,239.697,310.56,611.067,273.959
156,188.279,294.171,304.0,477.0,393.258,486.508,509.313,437.0,452.936,441.257,372.672,375.667,142.425
157,611.211,200.191,348.0,732.0,382.064,333.741,420.716,494.0,202.559,480.226,339.066,533.917,254.777
158,481.438,168.442,550.0,393.0,276.653,447.761,273.438,751.0,359.726,282.486,404.444,228.224,300.445
159,492.636,301.318,363.0,618.0,357.526,709.936,548.268,526.0,231.635,215.135,194.441,209.742,127.389
160,330.264,245.544,389.0,499.0,390.237,373.134,596.263,747.0,231.635,243.004,424.003,419.485,193.719
161,595.392,225.989,441.0,563.0,457.27,485.075,360.138,587.0,376.865,290.837,432.114,478.286,171.502
162,261.097,119.107,522.0,604.0,289.203,455.468,353.726,498.0,397.251,225.989,168.963,338.199,302.128
163,261.097,311.732,529.0,398.0,421.348,474.922,494.106,403.0,476.701,260.439,196.416,482.316,222.93
164,993.54,173.626,492.0,382.0,374.766,374.995,468.75,607.0,393.258,411.306,397.711,544.361,231.851
165,522.193,313.433,338.0,590.0,339.411,389.564,420.716,464.0,327.582,310.734,149.586,307.686,518.434
166,304.488,527.307,456.0,382.0,421.348,298.507,336.028,266.0,561.798,564.972,262.051,552.065,653.449
167,365.535,150.659,481.0,528.0,338.247,582.854,509.313,655.0,280.899,290.837,222.219,332.427,225.193
168,797.093,214.722,330.0,293.0,226.468,449.313,597.541,509.0,529.999,197.74,262.051,358.408,229.653
169,710.26,235.969,416.0,645.0,320.274,396.647,445.381,464.0,317.801,178.66,370.596,344.897,470.217
170,842.011,213.064,416.0,705.0,314.054,527.692,494.106,414.0,376.865,189.497,299.171,401.042,262.618
171,334.367,269.639,464.0,463.0,394.26,374.995,559.29,391.0,393.258,290.837,316.711,335.588,522.332
172,266.267,219.622,422.0,439.0,337.079,671.642,665.21,649.0,337.079,227.747,248.448,520.229,343.004
173,449.208,338.983,456.0,528.0,320.274,291.427,468.75,526.0,286.462,116.472,277.773,255.163,320.06
174,710.26,262.305,614.0,477.0,302.537,223.881,468.75,315.0,405.118,349.416,166.664,226.677,313.658
175,350.298,229.879,338.0,472.0,338.247,263.846,384.721,360.0,438.778,486.007,168.963,328.165,222.93
176,350.298,294.171,563.0,328.0,328.784,238.923,468.75,430.0,480.0,509.259,211.546,276.987,372.761
177,233.532,238.213,304.0,732.0,402.186,412.14,384.721,524.0,302.537,141.243,420.348,263.308,545.135
178,313.316,219.622,702.0,499.0,280.899,401.878,707.452,618.0,483.277,505.326,138.887,427.792,213.637
179,850.069,238.213,568.0,439.0,452.936,403.606,483.176,341.0,251.244,199.748,196.416,319.47,185.699
180,266.267,451.977,422.0,540.0,506.398,263.846,281.684,276.0,280.899,282.486,248.448,276.987,229.653
181,532.535,226.772,627.0,586.0,417.586,337.888,591.123,636.0,327.582,279.647,62.112,309.397,383.49
182,156.658,347.252,422.0,328.0,376.865,353.986,548.268,371.0,376.865,141.243,249.996,252.389,293.616
183,365.535,189.263,382.0,524.0,391.247,396.647,470.375,649.0,280.899,329.432,300.458,583.672,159.236
184,524.798,508.475,550.0,270.0,280.899,298.507,507.812,488.0,397.251,505.326,310.56,260.621,313.658
185,233.532,286.846,510.0,684.0,355.312,344.013,576.751,450.0,408.995,203.703,211.546,431.886,191.083
186,417.755,698.831,644.0,459.0,252.809,300.831,718.155,280.0,317.801,260.439,161.968,401.48,300.445
187,407.846,188.324,454.0,463.0,355.312,701.056,390.625,533.0,280.899,178.66,149.586,372.374,318.471
188,261.097,193.891,597.0,747.0,337.079,518.375,483.176,526.0,397.251,260.439,238.95,472.363,159.236
189,165.132,547.437,298.0,604.0,502.487,291.427,468.75,531.0,397.251,376.883,310.56,345.916,284.849
190,680.857,294.774,430.0,560.0,337.079,380.524,476.819,655.0,177.656,393.457,124.224,364.252,191.083
191,696.693,226.772,330.0,512.0,308.989,320.982,507.812,333.0,427.852,288.08,256.095,131.32,193.719
192,313.316,244.821,340.0,540.0,337.079,344.013,507.812,412.0,556.151,322.083,249.996,356.932,338.54
193,472.866,339.506,472.0,328.0,224.719,396.647,585.938,645.0,280.899,227.747,386.894,305.39,127.389
194,380.162,346.229,515.0,463.0,366.247,500.612,552.427,611.0,341.728,205.653,290.004,386.746,201.419
195,261.097,294.171,434.0,741.0,347.453,467.536,580.706,656.0,302.537,252.663,168.963,447.494,384.81
196,1255.438,363.714,330.0,499.0,355.312,507.518,606.413,618.0,317.801,225.989,439.198,291.232,427.274
197,208.877,363.714,304.0,382.0,337.079,396.647,585.938,574.0,355.312,384.222,78.566,184.764,327.886
198,295.397,226.772,592.0,439.0,376.865,367.495,767.456,533.0,405.118,232.944,200.305,382.629,180.155
199,365.535,357.32,441.0,262.0,327.582,519.716,429.688,464.0,238.351,294.924,161.968,413.145,343.004
200,317.638,745.72,549.0,393.0,310.263,417.177,654.807,568.0,452.936,942.0,308.556,374.995,642.681
201,330.264,563.367,597.0,414.0,338.247,389.564,654.807,293.0,286.462,671.0,232.841,384.165,562.939
202,1050.894,368.285,382.0,419.0,428.774,369.384,617.632,754.0,302.537,416.0,229.984,396.647,627.26
203,668.734,491.353,340.0,618.0,342.881,307.694,585.938,437.0,0.0,335.0,545.455,425.439,667.147
204,815.692,494.106,400.0,328.0,390.237,300.831,546.875,309.0,327.582,237.0,257.13,455.468,283.047
205,889.263,445.0,340.0,645.0,359.726,688.026,591.123,247.0,280.899,372.0,232.841,417.177,295.359
206,421.006,164.702,283.0,270.0,240.0,425.439,531.307,280.0,337.079,800.0,386.551,554.704,573.902
207,266.267,531.148,454.0,463.0,417.586,374.995,646.599,373.0,251.244,1224.0,312.812,861.447,421.941
208,417.755,220.971,400.0,419.0,219.389,410.448,489.452,439.0,238.351,592.0,437.876,425.439,548.523
209,783.29,156.25,382.0,371.0,303.839,403.606,542.674,608.0,376.865,543.0,290.909,467.536,362.967
210,576.781,312.5,434.0,477.0,393.258,333.741,617.632,437.0,327.582,441.0,406.558,601.661,702.25
211,221.548,232.924,380.0,512.0,341.728,380.524,717.092,464.0,359.726,795.0,478.289,271.646,360.506
212,522.193,214.745,430.0,604.0,314.054,384.165,513.787,393.0,317.801,727.0,363.636,461.542,897.059
213,313.316,333.496,529.0,463.0,314.054,455.468,552.427,360.0,286.462,750.0,514.259,353.986,210.97
214,330.264,294.628,508.0,560.0,308.989,284.171,422.526,218.0,359.726,770.0,243.935,298.507,513.313
215,611.211,679.084,422.0,472.0,484.907,238.923,468.75,276.0,327.582,416.0,443.875,453.938,362.967
216,454.0,333.496,,499.0,258.976,435.146,248.998,360.0,238.351,329.0,325.246,447.761,256.657
217,462.0,333.496,,,366.247,250.306,599.667,293.0,355.312,607.0,439.383,291.427,440.519
218,401.0,796.722,,,351.965,490.782,424.029,414.0,0.0,514.0,474.124,396.647,464.135
219,254.0,232.924,254.684,372.678,280.899,373.134,236.22,405.118,355.312,770.0,325.246,337.888,362.967
220,580.0,214.745,359.116,444.444,444.14,369.384,478.958,578.406,452.936,543.0,363.636,235.991,533.718
221,652.0,553.653,284.41,472.222,342.881,417.177,248.998,657.567,359.726,843.0,485.151,223.881,506.329
222,369.0,147.314,519.014,594.47,439.676,186.567,236.22,578.406,0.0,421.0,325.246,235.991,304.266
223,448.0,214.745,519.014,300.463,338.247,455.468,393.701,302.537,0.0,237.0,494.599,410.448,796.117
224,307.0,208.333,637.757,412.946,266.484,369.384,393.701,251.244,327.582,395.0,379.648,300.831,853.323
225,567.0,956.123,442.851,373.712,393.258,352.014,314.961,327.582,286.462,416.0,370.838,449.313,400.288
226,580.0,834.959,368.554,305.556,337.079,284.171,497.996,556.151,327.582,558.0,439.383,589.977,471.744
227,524.0,116.462,414.365,465.64,369.465,373.134,573.237,438.778,376.865,354.0,386.551,485.075,656.386
228,591.0,349.386,656.622,223.952,320.274,307.694,459.13,452.936,376.865,372.0,299.862,269.071,295.359
229,572.0,471.635,650.199,277.778,365.169,527.692,157.48,438.778,251.244,461.0,472.727,455.468,608.532
230,557.0,294.628,536.367,300.463,310.263,353.986,324.654,280.899,280.899,530.0,327.273,318.806,596.715
231,369.0,368.285,398.403,377.819,258.976,250.306,157.48,376.865,280.899,736.0,587.473,344.013,270.174
232,486.0,523.431,504.096,373.712,339.411,425.439,314.961,327.582,0.0,712.0,243.935,486.508,270.174
233,717.0,260.417,371.647,590.564,258.976,403.606,393.701,286.462,251.244,562.0,262.222,497.823,215.149
234,545.0,214.745,331.492,471.405,429.693,403.606,283.902,238.351,341.728,699.0,229.984,449.313,448.529
235,524.0,316.811,410.665,424.009,320.274,455.468,352.137,280.899,359.726,354.0,516.824,320.982,471.744
236,525.0,593.841,331.492,500.0,422.284,333.741,424.029,607.677,359.726,461.0,459.968,559.701,440.519
237,545.0,329.404,469.613,339.071,422.284,425.439,401.498,231.635,251.244,658.0,262.222,474.922,382.084
238,565.0,368.285,470.425,370.602,308.989,261.194,551.181,405.118,302.537,335.0,524.444,477.845,179.014
239,553.0,593.841,497.238,290.009,320.274,471.982,393.701,359.726,251.244,803.0,243.935,389.564,304.266
240,565.0,232.924,718.232,433.903,355.312,373.134,567.803,280.899,224.719,384.0,386.551,502.001,456.399
241,443.0,260.417,613.359,503.077,337.079,671.642,236.22,341.728,359.726,658.0,358.14,263.846,604.127
242,591.0,375.578,359.116,370.602,258.976,337.888,236.22,517.952,476.701,421.0,312.812,374.995,681.666
243,652.0,419.909,383.769,530.694,251.244,471.982,324.654,302.537,359.726,465.0,257.13,263.846,298.357
244,676.0,379.172,558.667,351.364,266.484,507.518,352.137,359.726,280.899,530.0,308.556,436.743,573.902
245,389.0,265.574,469.613,250.0,308.989,412.14,352.137,620.526,438.778,803.0,293.173,271.646,471.744
246,538.0,494.106,428.845,465.64,320.274,337.888,248.998,317.801,302.537,558.0,243.935,449.313,340.18
247,609.0,419.909,664.133,310.565,303.839,,334.066,502.487,302.537,279.0,262.222,300.831,360.506
248,496.0,480.185,536.367,388.889,357.526,,424.029,452.936,168.539,566.0,556.257,238.923,698.437
249,615.0,316.811,697.206,273.579,314.054,,393.701,359.726,224.719,699.0,439.383,367.495,477.372
250,340.0,164.702,613.359,273.579,339.411,,528.205,280.899,327.582,744.0,586.346,337.888,298.357
251,553.0,379.172,662.983,452.189,320.274,,352.137,79.45,202.559,607.0,131.111,190.262,379.747
252,567.0,419.909,420.761,299.176,378.995,203.703,283.902,286.462,295.843,596.0,276.937,300.831,540.348
253,646.0,316.811,441.989,518.932,252.663,252.663,393.701,280.899,398.178,441.0,284.009,497.823,448.529
254,557.0,572.917,552.486,250.0,232.944,282.486,283.902,280.899,303.03,372.0,379.648,384.165,962.173
255,401.0,368.285,472.044,424.009,225.989,343.659,352.137,327.582,462.37,658.0,312.812,384.165,632.911
256,550.0,232.924,527.762,196.419,319.596,319.596,222.711,397.251,500.014,588.0,195.824,320.982,329.546
257,412.0,379.172,445.429,365.36,399.495,532.993,424.029,317.801,625.287,271.0,221.191,502.001,656.386
258,448.0,708.41,308.849,372.678,282.486,319.596,497.996,327.582,407.967,624.0,181.818,373.134,389.01
259,642.0,419.909,553.176,334.489,407.407,430.27,393.701,359.726,588.342,942.0,218.182,461.542,304.266
260,470.0,708.41,524.134,445.312,378.995,343.659,352.137,337.079,364.307,916.0,449.793,519.716,481.087
261,580.0,232.924,469.613,334.489,239.697,282.486,283.902,231.635,576.019,824.0,36.364,412.14,508.084
262,351.0,471.635,552.486,361.111,159.798,329.432,236.22,251.244,503.232,789.0,254.545,373.134,492.063
263,567.0,429.49,527.762,473.039,378.995,399.495,324.654,224.719,643.382,501.0,474.124,769.236,415.564
264,340.0,652.602,524.134,250.0,0.0,455.495,393.701,231.635,606.356,514.0,406.558,369.384,340.18
265,374.0,214.745,569.49,283.279,378.995,282.486,352.137,359.726,606.061,514.0,195.824,337.888,298.357
266,254.0,232.924,410.665,439.205,252.663,225.989,248.998,286.462,522.466,354.0,545.455,543.292,329.546
267,410.0,553.653,544.136,295.282,282.486,282.486,334.066,341.728,552.173,1089.0,212.035,449.313,389.01
268,394.0,375.578,414.365,273.579,0.0,357.32,222.711,251.244,557.024,372.0,363.636,337.888,430.297
269,359.0,312.5,521.214,306.816,282.486,304.247,352.137,251.244,417.097,384.0,185.419,269.071,481.087
270,430.0,468.75,470.425,333.333,319.596,282.486,459.13,280.899,657.445,607.0,232.841,453.938,506.329
271,401.0,164.702,497.238,316.715,0.0,395.48,0.0,327.582,562.152,596.0,359.982,417.177,377.395
272,292.0,187.789,322.152,273.579,319.596,239.697,393.701,327.582,553.147,416.0,455.635,554.704,655.028
273,478.0,214.745,410.665,351.364,357.32,232.944,283.902,280.899,616.622,658.0,514.259,337.888,509.833
274,292.0,260.417,341.694,310.565,441.257,411.306,248.998,317.801,450.184,526.0,474.124,269.071,400.288
275,585.0,208.333,524.862,536.478,239.697,329.432,176.068,317.801,457.691,526.0,363.636,318.806,329.546
276,410.0,419.909,386.74,416.667,178.66,178.66,157.48,341.728,758.522,795.0,875.752,344.013,550.144
277,412.0,679.084,476.87,238.953,357.32,288.08,324.654,224.719,793.197,562.0,574.96,291.427,227.222
278,787.0,1037.753,488.724,316.715,361.758,329.432,314.961,280.899,805.314,800.0,243.935,374.995,508.084
279,278.0,666.992,548.327,424.918,282.486,288.08,324.654,202.559,568.182,558.0,308.556,369.384,440.519
280,331.0,368.285,414.365,279.163,319.596,304.247,222.711,286.462,427.292,501.0,442.383,455.468,717.3
281,374.0,260.417,531.364,279.163,239.697,203.703,393.701,280.899,550.547,384.0,424.069,200.939,521.912
282,391.0,368.285,441.989,583.333,203.703,338.983,478.958,286.462,698.45,354.0,618.182,337.888,430.297
283,740.0,214.745,546.933,274.986,239.697,159.798,248.998,280.899,375.936,530.0,406.558,660.142,304.266
284,609.0,164.702,276.243,473.039,126.332,282.486,478.958,168.539,485.455,465.0,406.558,333.741,508.084
285,391.0,208.333,222.714,277.778,378.995,430.27,445.422,251.244,701.781,736.0,284.009,352.014,340.18
286,679.0,368.285,308.849,238.953,338.983,239.697,401.498,224.719,634.964,727.0,474.124,186.567,379.747
287,391.0,379.172,383.769,305.556,282.486,203.703,556.777,158.9,643.382,400.0,312.812,688.026,509.833
288,369.0,316.811,371.647,305.556,430.27,361.758,314.961,355.312,538.692,335.0,520.648,447.761,253.165
289,509.0,164.702,305.12,361.111,329.432,329.432,283.902,397.251,500.373,416.0,565.685,373.134,434.415
290,538.0,316.811,371.647,238.953,282.486,455.495,567.803,393.258,473.485,465.0,437.876,352.014,421.941
291,492.0,468.75,332.641,262.055,203.703,232.944,222.711,158.9,495.691,671.0,344.976,467.536,358.029
292,550.0,329.404,314.966,238.953,357.32,399.495,283.902,286.462,456.121,588.0,618.182,352.014,298.357
293,492.0,445.0,293.65,256.098,304.247,508.475,314.961,224.719,504.3,1164.0,374.387,550.926,448.529
294,468.0,379.172,284.41,348.055,304.247,395.48,393.701,177.656,348.197,750.0,425.625,527.692,481.087
295,580.0,575.279,237.633,333.333,304.247,455.495,424.029,224.719,399.527,514.0,391.648,453.938,379.747
296,509.0,316.811,248.619,295.282,288.08,357.32,459.13,327.582,473.485,441.0,310.691,344.013,400.288
297,470.0,368.285,276.243,277.778,232.944,455.495,401.498,231.635,442.145,543.0,401.649,422.153,377.395
298,550.0,303.695,293.65,306.816,282.486,430.27,283.902,202.559,467.769,294.0,436.364,474.922,508.084
299,435.0,396.655,337.198,335.64,399.495,399.495,324.654,231.635,406.646,724.0,605.212,449.313,215.149
300,435.0,280.477,237.633,400.617,282.486,357.32,393.701,231.635,445.78,,181.818,235.991,210.97
301,371.0,349.386,236.022,433.903,288.08,282.486,401.498,231.635,517.292,,276.937,507.518,307.178
302,468.0,280.477,420.761,747.424,282.486,399.495,424.029,224.719,361.837,,262.222,486.508,210.97
303,480.0,260.417,276.243,549.972,282.486,357.32,478.958,337.079,536.022,378.524,262.222,291.427,295.359
304,799.0,572.917,445.429,571.979,239.697,159.798,248.998,317.801,887.124,638.59,359.982,284.171,256.657
305,435.0,280.477,322.152,485.118,329.432,407.407,401.498,238.351,714.696,1051.148,406.558,582.854,481.087
306,480.0,294.628,250.149,609.847,343.659,338.983,157.48,202.559,526.229,524.918,386.551,263.846,362.967
307,443.0,769.001,418.032,527.778,282.486,441.257,157.48,341.728,377.365,640.744,568.018,271.646,227.222
308,524.0,260.417,308.849,462.314,0.0,282.486,629.921,238.351,592.897,409.974,264.731,396.647,337.553
309,391.0,582.309,375.731,452.189,338.983,441.257,401.498,224.719,557.024,516.984,401.649,485.075,
310,591.0,303.695,236.022,472.222,203.703,0.0,248.998,231.635,483.975,577.41,257.13,453.938,
311,991.0,260.417,176.882,439.205,252.663,232.944,283.902,302.537,498.218,419.934,293.173,502.001,
312,359.0,316.811,284.41,385.901,232.944,399.495,314.961,302.537,461.204,527.536,185.419,373.134,
313,374.0,,298.803,448.764,282.486,304.247,393.701,202.559,550.547,729.24,212.035,384.165,
314,443.0,,222.714,666.667,430.27,399.495,424.029,177.656,361.837,448.49,425.625,500.612,
315,871.0,,359.116,462.314,407.407,407.407,401.498,302.537,679.974,567.786,335.256,554.704,
316,,371.0,469.613,452.189,407.407,252.663,314.663,337.079,474.998,475.334,474.124,389.564,
317,,740.0,298.803,465.64,329.432,399.495,411.755,168.539,367.737,445.408,344.976,449.313,
318,,307.0,349.423,472.222,465.888,343.659,304.81,238.351,427.292,524.918,478.289,200.939,
319,560.953,739.0,908.959,932.455,288.08,399.495,331.456,462.373,401.319,548.031,370.838,417.177,
320,349.384,448.0,692.956,502.66,451.977,399.495,429.49,480.577,508.903,821.627,443.875,455.468,
321,886.944,646.0,792.768,545.211,282.486,169.492,390.625,388.057,390.446,548.031,195.824,449.313,
322,736.567,583.0,1011.895,695.011,282.486,357.32,513.622,558.659,462.37,448.49,370.838,601.661,
323,1094.986,369.0,420.166,862.055,282.486,304.247,601.219,415.253,425.61,629.902,312.812,380.524,
324,839.816,401.0,563.712,627.585,357.32,159.798,354.205,450.405,322.526,352.126,264.731,263.846,
325,782.982,572.0,717.981,689.644,378.995,319.596,489.278,554.453,323.637,448.49,437.876,449.313,
326,627.164,359.0,420.166,524.367,329.432,407.407,552.427,422.702,352.293,593.877,568.018,291.427,
327,368.284,701.0,265.737,710.869,304.247,225.989,411.755,257.529,415.805,516.984,363.636,291.427,
328,582.307,468.0,428.487,932.455,343.659,329.432,469.473,280.723,437.25,267.657,358.14,436.743,
329,839.816,591.0,538.076,310.818,239.697,288.08,372.86,336.357,470.445,497.981,411.408,300.831,
330,899.095,435.0,375.808,695.011,126.332,304.247,394.082,374.76,432.3,540.436,363.636,316.615,
331,536.229,524.0,563.712,627.585,178.66,282.486,601.219,464.897,378.788,319.295,293.173,344.013,
332,396.654,374.0,594.205,741.568,319.596,232.944,339.542,436.327,321.412,378.524,325.246,344.013,
333,280.476,340.0,375.808,258.616,239.697,239.697,502.948,312.3,419.241,483.951,465.682,344.013,
334,416.665,565.0,420.166,695.011,282.486,411.306,500.921,307.263,305.389,682.394,363.636,320.982,
335,441.94,740.0,265.737,502.66,252.663,239.697,405.113,337.515,431.885,399.766,406.558,559.701,
336,652.6,331.0,265.737,1584.868,319.596,304.247,370.122,340.965,667.194,352.126,363.636,300.831,
337,758.342,401.0,677.498,385.523,465.888,319.596,406.784,363.128,372.1,469.501,284.009,569.565,
338,644.233,524.0,856.975,1005.32,203.703,576.16,349.386,337.515,702.802,306.077,327.273,507.518,
339,593.839,340.0,713.046,258.616,252.663,357.32,573.508,326.947,330.762,378.524,293.173,436.743,
340,329.403,486.0,302.986,673.286,239.697,455.495,390.625,441.659,520.058,483.951,442.383,621.019,
341,729.164,609.0,672.266,862.055,252.663,252.663,500.921,279.33,583.444,282.677,262.222,291.427,
342,745.717,374.0,237.682,673.286,338.983,304.247,731.024,312.3,588.342,165.994,229.984,374.995,
343,725.434,470.0,1307.251,258.616,343.659,411.306,411.755,494.185,739.607,586.876,487.869,352.014,
344,494.104,793.0,979.988,695.011,288.08,482.712,338.542,427.292,782.268,378.524,478.289,396.647,
345,1258.646,896.0,774.749,603.438,361.758,338.983,520.833,474.86,610.777,399.766,,291.427,
346,368.284,351.0,420.166,862.055,343.659,329.432,326.301,197.516,516.945,296.939,,291.427,
347,444.999,389.0,1039.434,355.434,282.486,282.486,563.367,312.3,873.063,282.677,,449.313,
348,575.277,606.0,893.286,192.761,232.944,343.659,520.833,395.032,436.018,535.314,,580.461,
349,316.809,565.0,722.882,813.261,239.697,159.798,454.798,325.752,399.527,764.292,,344.013,
350,444.999,553.0,1092.433,464.231,288.08,282.486,313.583,406.71,402.657,612.154,,534.247,
351,823.507,340.0,717.981,780.624,178.66,232.944,433.42,325.752,594.407,586.876,,369.384,
352,520.832,740.0,531.473,1133.856,566.77,376.606,339.542,477.319,455.488,527.536,351.82,762.659,560.955
353,379.171,553.0,792.768,603.438,384.238,651.769,556.707,279.33,499.761,854.505,245.722,616.692,389.199
354,260.416,374.0,797.21,431.027,378.722,465.549,497.525,312.3,568.483,451.552,274.725,1298.762,522.497
355,480.183,401.0,774.749,879.127,483.277,379.815,672.057,340.965,819.196,432.859,310.816,390.03,375.578
356,441.94,658.0,639.978,524.367,427.852,802.259,331.456,276.522,322.078,423.203,442.981,711.047,356.0
357,607.389,410.0,605.973,695.011,296.093,279.95,326.301,316.025,481.048,262.459,429.135,482.348,522.497
358,316.809,401.0,792.768,673.286,505.965,487.384,326.301,335.196,430.263,282.677,245.722,698.348,363.839
359,280.476,351.0,656.321,439.563,562.11,428.71,390.625,223.464,600.564,612.154,541.146,711.047,415.101
360,441.94,525.0,538.076,344.822,376.4,524.4,417.48,363.128,548.48,548.031,429.135,598.279,383.016
361,406.782,565.0,531.473,344.822,344.284,316.574,502.948,252.944,487.638,319.295,280.166,762.659,596.576
362,448.036,314.0,677.498,551.984,337.598,487.384,361.782,488.627,384.216,524.918,614.304,390.03,375.578
363,406.782,784.0,475.364,621.637,525.68,416.4,722.158,349.999,508.466,367.443,466.224,1003.344,368.579
364,396.654,435.0,611.772,609.565,525.68,387.498,683.563,336.357,368.311,371.173,280.166,616.692,349.23
365,349.384,652.0,856.975,464.231,477.436,553.671,549.35,325.752,171.827,423.203,388.52,401.338,400.737
366,73.657,317.0,792.768,431.027,436.775,391.061,495.476,337.515,282.481,540.436,295.888,283.789,458.807
367,214.744,307.0,924.366,431.027,462.513,369.636,534.33,336.357,304.242,516.984,274.725,423.047,396.381
368,396.654,307.0,489.994,344.822,445.126,349.875,333.496,251.397,455.488,336.112,334.218,551.586,504.322
369,520.832,486.0,760.954,551.984,508.73,516.403,475.216,280.723,509.251,736.758,396.214,616.692,433.514
370,333.495,331.0,877.333,365.739,327.046,537.463,339.542,230.341,481.048,839.869,245.722,682.143,472.324
371,265.573,359.0,420.166,551.984,491.551,424.646,497.525,279.33,459.846,638.59,274.725,1183.398,380.173
372,448.036,496.0,827.632,603.438,302.537,339.819,793.737,395.032,243.0,690.422,334.218,267.559,343.592
373,698.769,565.0,751.617,310.818,558.668,411.373,733.34,339.819,384.216,472.426,320.382,816.492,445.853
374,708.408,374.0,774.749,502.66,545.969,468.889,731.024,335.196,771.541,367.443,334.218,406.874,325.427
375,429.489,717.0,489.994,741.568,397.251,506.572,862.919,279.33,459.846,306.077,320.382,698.348,433.514
376,416.665,531.0,656.321,310.818,334.991,522.744,710.799,357.716,480.218,336.112,442.981,275.793,615.201
377,280.476,278.0,375.808,1005.32,644.913,410.106,520.833,326.947,300.282,451.552,295.888,472.981,441.45
378,164.701,391.0,756.3,963.806,617.694,391.505,518.877,307.263,505.318,684.409,396.214,482.348,298.288
379,265.573,401.0,713.046,603.438,331.836,263.354,560.955,364.201,359.54,690.422,388.52,482.348,318.689
380,368.284,565.0,346.478,771.045,459.088,351.359,652.602,363.128,401.481,475.334,351.82,428.303,504.322
381,280.476,708.0,538.076,1123.982,469.661,625.986,491.353,340.965,455.488,399.766,198.107,428.303,441.45
382,465.846,525.0,511.155,794.775,543.394,447.703,653.122,418.994,441.25,731.126,274.725,872.134,480.975
383,429.489,610.0,717.981,689.644,578.103,279.33,772.959,264.995,343.653,527.536,233.112,602.007,572.064
384,406.782,662.0,760.954,609.565,495.813,418.477,390.625,302.141,432.113,548.031,274.725,482.348,537.645
385,329.403,583.0,865.176,344.822,548.213,484.171,469.473,357.716,587.806,579.791,198.107,738.82,410.369
386,280.476,412.0,958.127,887.54,485.81,477.319,361.782,340.965,419.939,638.59,310.816,334.448,581.097
387,520.832,509.0,489.994,627.585,415.798,476.955,407.617,307.263,305.55,432.859,274.725,602.007,400.737
388,480.183,462.0,1095.66,813.261,527.346,476.955,505.638,308.53,520.87,632.085,274.725,672.232,636.014
389,708.408,567.0,760.954,431.027,452.936,447.315,497.525,296.931,322.078,548.031,280.166,334.448,363.839
390,303.694,565.0,717.981,439.563,345.301,442.639,454.798,291.629,359.54,586.876,329.67,994.386,416.667
391,375.577,591.0,420.166,502.66,583.236,447.703,397.509,418.994,542.629,775.032,233.112,468.227,309.71
392,419.908,462.0,1025.757,524.367,341.728,428.71,375.578,279.33,530.734,495.207,329.67,616.692,442.923
393,480.183,470.0,751.617,794.775,395.038,395.909,543.766,296.931,795.475,586.876,418.449,931.665,546.85
394,396.654,496.0,1194.337,517.233,486.891,248.448,469.473,251.397,802.963,540.436,295.888,616.692,583.705
395,563.365,401.0,168.067,502.66,527.346,453.092,347.439,336.357,384.216,764.292,334.218,909.797,294.628
396,494.104,437.0,452.533,609.565,334.991,553.044,469.473,249.84,760.604,469.501,310.816,509.416,369.168
397,416.665,401.0,302.986,524.367,519.304,300.847,556.707,363.128,622.101,682.394,320.382,360.212,512.432
398,582.307,623.0,563.712,258.616,550.766,366.81,397.509,375.8,621.459,579.791,233.112,241.174,375.578
399,444.999,759.0,692.956,866.354,286.462,466.665,398.361,363.128,502.944,567.786,173.752,662.174,667.967
400,943.266,770.0,420.166,609.565,357.771,501.066,745.72,345.512,559.285,577.41,388.52,211.524,456.911
401,677.081,1236.0,756.3,982.894,318.352,459.929,536.863,475.681,417.079,742.346,310.816,856.605,409.31
402,627.164,401.0,692.956,817.817,410.706,392.831,640.54,197.516,470.143,497.981,329.67,283.789,410.369
403,520.832,359.0,1092.433,879.127,437.177,529.991,601.219,335.196,329.427,475.334,280.166,482.348,339.142
404,333.495,1151.0,538.076,524.367,291.317,428.71,423.928,276.522,340.153,814.892,491.444,472.981,429.49
405,523.429,724.0,677.498,578.284,345.301,376.606,541.892,336.357,396.481,,442.981,468.227,339.142
406,379.171,351.0,672.266,431.027,375.0,450.79,484.403,340.965,438.529,,310.816,275.793,437.996
407,260.416,470.0,713.046,736.54,459.088,357.716,423.928,307.263,446.642,,400.006,341.072,458.333
408,368.284,531.0,639.978,673.286,375.0,501.412,349.386,251.397,480.218,450.391,280.166,631.036,329.404
409,294.627,435.0,1039.434,710.869,363.605,335.712,653.122,249.84,571.981,1072.758,233.112,631.036,380.173
410,468.748,676.0,563.712,502.66,389.675,369.636,788.164,279.33,627.21,338.304,122.861,428.303,503.891
411,368.284,448.0,594.205,545.211,413.684,383.902,362.718,374.76,467.59,115.837,400.006,334.448,541.667
412,593.839,769.0,713.046,272.606,477.436,226.546,429.49,257.529,576.151,339.468,233.112,899.908,764.331
413,303.694,783.0,958.127,1090.423,343.775,540.037,338.542,279.33,305.55,405.186,245.722,957.714,704.955
414,379.171,618.0,302.986,731.478,415.798,447.703,370.122,337.515,199.744,463.348,497.549,423.047,375.0
415,303.694,351.0,751.617,609.565,308.847,395.032,390.625,337.515,455.488,506.483,198.107,1072.322,566.728
416,520.832,618.0,760.954,736.54,411.133,342.361,728.228,336.357,442.153,518.039,0.0,711.047,550.41
417,406.782,531.0,420.166,603.438,420.828,377.066,509.804,312.3,419.939,592.656,347.503,616.692,475.53
418,329.403,604.0,760.954,603.438,535.594,395.032,274.072,363.128,266.492,251.286,0.0,827.379,364.434
419,679.081,751.611,,,545.969,408.836,208.727,312.529,499.761,391.312,351.82,567.577,363.839
420,379.171,531.469,,,469.661,577.581,1163.437,349.418,481.048,377.974,245.722,1317.573,400.195
421,164.701,679.494,,,432.337,358.201,972.088,587.292,266.492,516.513,310.816,899.908,359.639
422,232.923,663.314,,,536.248,387.498,226.006,720.343,260.435,556.245,274.725,780.06,514.545
423,147.313,659.206,,,389.675,566.365,621.365,331.487,473.525,119.195,274.725,428.303,468.171
424,366.309,531.469,221.472,455.495,566.15,593.863,678.018,617.689,290.832,382.128,351.82,522.425,341.692
425,444.215,531.469,321.531,424.669,532.31,521.415,958.862,662.973,380.04,527.85,280.166,634.571,335.927
426,238.391,265.735,1361.927,525.454,545.969,469.997,711.533,940.836,634.798,393.324,310.816,571.505,588.15
427,282.347,824.008,1007.451,423.729,459.088,434.335,433.347,276.239,455.488,444.215,388.52,423.047,732.729
428,328.839,521.148,366.499,616.958,563.356,529.991,612.845,165.743,519.336,366.309,442.981,334.448,678.604
429,298.65,679.494,556.231,493.34,550.766,439.494,417.455,165.743,902.615,303.89,442.981,200.669,303.338
430,280.946,1417.677,434.343,548.488,581.731,416.4,471.532,521.206,485.999,397.318,329.67,423.047,821.795
431,506.483,758.804,321.531,278.216,511.479,355.772,852.713,674.385,467.59,365.23,429.135,406.874,309.71
432,870.933,589.612,648.322,330.641,462.513,354.307,412.021,336.059,232.94,709.076,347.503,472.981,369.168
433,317.854,988.81,884.611,344.818,540.157,358.201,606.685,497.23,357.314,251.286,347.503,275.793,383.016
434,436.145,699.194,303.419,252.663,337.079,333.12,383.701,227.792,511.596,393.324,351.82,631.036,375.578
435,597.299,634.004,466.995,392.442,633.668,447.315,968.992,247.076,622.101,467.587,453.089,756.77,896.802
436,280.946,679.494,582.733,396.488,545.969,369.636,539.86,821.317,424.663,376.929,280.166,428.303,289.426
437,518.039,793.79,274.703,340.158,543.071,411.373,799.051,353.758,290.832,276.7,280.166,1021.026,368.579
438,276.7,594.201,408.375,419.945,563.356,421.367,539.86,500.29,361.753,374.829,245.722,682.143,592.561
439,409.064,1122.588,420.214,463.311,357.771,411.373,958.862,78.132,304.242,177.686,280.166,658.786,491.684
440,298.65,494.405,351.791,380.046,644.913,450.79,312.491,78.132,367.226,500.21,295.888,1070.234,290.175
441,177.686,797.204,393.314,423.729,539.183,429.922,419.25,247.076,483.53,347.511,198.107,551.586,719.58
442,198.659,634.004,479.748,353.954,393.704,465.549,658.915,234.396,548.48,561.892,0.0,571.505,458.807
443,394.326,375.805,295.864,455.495,485.81,290.885,279.5,220.991,376.877,377.974,295.888,334.448,359.639
444,259.019,312.689,219.762,518.575,393.704,343.372,433.347,546.925,571.283,355.372,219.78,931.665,522.497
445,1033.79,265.735,358.169,378.995,432.337,487.384,466.728,1099.764,539.68,339.468,320.382,472.981,455.007
446,254.407,442.209,393.314,505.326,505.965,488.805,639.241,1121.748,849.795,314.107,226.544,816.492,522.082
447,320.328,329.603,412.054,585.225,502.487,460.682,521.458,620.77,340.153,266.529,245.722,575.406,324.091
448,320.328,429.75,274.703,322.083,529.668,383.902,350.984,591.177,28.248,679.518,334.218,428.303,372.678
449,605.176,607.758,320.356,392.442,356.298,279.33,365.658,516.057,227.744,657.678,274.725,616.692,429.49
450,179.893,429.75,641.3,404.458,379.185,369.636,892.315,629.922,357.314,366.309,198.107,575.406,648.85
451,328.839,416.919,260.606,305.555,345.301,383.902,817.637,445.422,376.877,557.662,274.725,390.03,354.779
452,651.649,396.895,539.705,304.247,313.484,650.295,662.326,605.839,650.321,405.186,618.772,299.14,524.168
453,238.391,515.911,408.375,487.646,689.684,581.038,714.693,148.759,734.452,365.23,459.724,200.669,411.825
454,338.304,561.294,388.488,393.457,444.87,345.427,245.138,254.68,459.846,449.514,419.339,341.072,480.266
455,259.019,797.204,219.762,371.552,536.013,553.508,505.365,254.68,520.87,409.064,662.283,658.786,419.981
456,359.786,561.294,245.702,432.12,456.977,393.847,271.318,1267.693,536.715,409.064,459.724,428.303,443.549
457,377.974,840.327,384.584,384.222,313.484,167.557,367.707,140.855,407.4,213.962,434.494,431.515,390.692
458,366.309,629.706,739.149,322.083,350.486,485.987,404.663,769.512,260.435,265.044,567.301,407.185,313.637
459,444.215,589.612,582.733,304.247,551.079,504.413,271.318,201.105,169.489,289.252,424.842,404.04,465.927
460,382.128,758.804,390.426,329.432,399.615,418.892,226.006,552.478,255.798,896.389,437.917,431.515,465.927
461,595.314,448.309,513.187,315.829,385.711,374.668,698.75,201.105,254.233,545.498,473.588,964.898,619.109
462,204.532,368.508,307.127,411.306,497.036,369.481,319.621,176.879,910.975,282.347,382.947,202.02,454.876
463,320.328,561.294,415.701,432.12,355.32,477.61,302.723,193.367,455.488,328.839,368.374,208.238,368.348
464,298.65,758.804,622.794,483.743,388.356,386.199,357.347,303.863,267.985,453.012,311.789,434.461,524.168
465,428.845,769.466,491.403,455.495,281.36,317.917,783.866,436.772,564.963,391.312,463.677,703.454,651.153
466,422.354,663.314,479.748,340.158,492.9,371.848,1213.989,236.019,282.481,453.012,401.142,252.525,651.153
467,524.85,368.508,670.635,423.729,261.237,382.088,274.072,168.03,329.427,265.044,379.028,1061.808,480.266
468,394.326,368.508,582.733,431.196,340.611,246.4,748.574,805.368,282.481,251.286,350.371,353.535,368.348
469,143.255,265.735,491.403,384.222,575.314,457.341,419.25,140.855,423.722,303.89,351.789,271.978,552.521
470,298.65,758.804,678.466,305.555,281.36,320.664,635.706,293.646,343.653,534.536,550.682,353.535,497.61
471,337.135,494.405,361.315,319.596,479.567,389.817,395.273,428.838,515.48,402.253,350.371,476.464,651.153
472,202.593,448.309,167.095,411.306,631.847,511.666,248.183,148.759,932.616,327.637,366.569,353.535,991.806
473,352.024,329.603,621.581,452.859,297.856,397.396,737.453,176.879,357.314,405.186,420.524,434.461,701.313
474,251.286,442.209,518.308,411.306,266.41,327.165,310.078,87.354,304.242,716.275,480.888,519.981,585.313
475,377.974,466.129,524.819,401.488,305.77,348.462,197.636,138.119,260.435,405.186,432.964,367.682,407.686
476,777.058,396.895,859.956,423.729,405.548,400.475,428.115,375.725,312.011,226.506,399.9,434.461,469.553
477,707.404,396.895,253.263,423.729,362.921,469.832,173.339,555.92,367.226,1101.437,437.917,285.7,454.876
478,693.885,448.309,366.499,384.222,551.079,386.199,639.241,193.367,322.078,508.815,384.245,271.978,701.313
479,749.657,396.895,621.581,393.457,499.092,487.429,832.206,494.151,368.311,483.358,437.538,357.125,552.521
480,421.419,396.895,276.073,393.457,428.46,529.861,1014.438,305.116,338.978,289.252,449.876,294.493,536.954
481,303.89,312.689,450.546,411.306,348.533,389.817,490.276,87.354,393.451,376.929,482.266,323.39,536.954
482,607.779,729.608,373.636,455.495,446.401,337.721,775.194,331.487,543.364,338.304,310.189,476.464,651.153
483,655.875,329.603,434.343,455.495,327.328,302.067,245.138,254.68,340.153,702.365,353.67,252.525,792.161
484,881.741,375.805,439.524,304.247,257.288,378.86,428.115,222.711,582.35,265.044,403.205,546.296,703.727
485,968.755,589.612,351.791,399.495,198.952,410.856,630.962,827.795,241.352,429.765,458.64,519.981,536.954
486,357.586,659.206,501.285,315.829,261.237,476.875,319.621,997.907,241.352,534.536,725.403,407.185,524.168
487,298.65,667.396,234.706,404.458,388.356,396.954,282.175,227.792,254.233,506.483,450.981,505.051,419.981
488,578.503,634.004,545.269,451.977,340.611,356.427,1066.42,55.248,609.793,366.309,386.397,416.475,407.686
489,226.506,607.758,236.308,395.48,305.77,260.253,197.636,489.497,344.812,402.253,375.511,457.343,465.927
490,314.107,471.92,253.263,367.232,779.344,497.759,279.5,360.171,367.226,355.372,438.674,677.596,349.445
491,405.186,589.612,660.43,470.15,363.86,260.926,312.491,248.615,278.212,298.65,456.465,407.185,664.048
492,505.703,679.494,366.499,312.016,258.611,268.222,466.728,322.147,294.919,453.012,619.576,394.457,411.825
493,293.316,667.396,566.314,340.158,388.356,469.832,698.75,87.354,842.723,347.511,671.734,527.288,549.443
494,280.946,368.508,419.316,338.983,422.041,449.992,914.762,563.419,304.242,355.372,596.661,407.185,443.549
495,457.347,416.919,286.798,396.488,422.041,543.269,521.458,371.641,278.212,394.326,636.22,208.238,372.923
496,317.854,833.838,447.184,329.432,640.429,246.4,441.928,250.145,304.242,240.04,440.561,202.02,368.348
497,568.872,1125.005,453.051,380.046,340.611,386.199,312.491,445.422,452.852,259.019,300.408,999.949,424.0
498,259.019,667.396,634.201,423.729,261.237,302.067,282.175,608.353,279.642,417.656,501.159,658.505,184.174
499,314.107,634.004,351.791,367.232,371.287,412.561,328.887,262.063,760.604,457.347,455.373,931.267,480.266
500,667.801,303.879,184.276,340.158,184.722,841.962,235.766,165.743,762.7,539.68,418.944,606.061,329.46
501,427.924,824.008,426.453,283.895,332.5,337.721,155.039,210.377,539.68,382.128,399.485,367.682,469.553
502,219.426,312.689,399.973,312.016,340.611,403.53,226.006,524.126,254.233,338.304,637.523,394.457,582.409
503,667.801,448.309,276.073,312.016,528.318,260.926,466.728,576.804,319.591,320.328,401.142,1060.606,407.686
504,536.747,695.299,470.215,340.158,722.545,300.319,635.706,322.147,305.55,278.122,476.731,980.631,527.393
505,241.679,531.469,351.791,319.596,607.621,360.344,279.5,195.33,300.282,382.128,401.142,252.525,407.686
506,240.04,1095.652,358.169,304.247,437.912,355.935,471.532,215.749,294.919,204.532,443.563,546.296,811.201
507,163.818,1358.989,626.419,359.546,398.76,310.093,282.175,161.074,371.546,399.299,429.888,519.981,329.46
508,338.304,737.015,714.755,481.056,272.739,314.029,527.189,165.743,627.21,749.336,415.764,307.21,494.19
509,607.779,793.79,505.035,419.945,281.36,320.117,122.569,704.274,603.876,786.357,473.939,575.846,407.686
510,402.253,494.405,259.154,310.734,215.421,633.898,698.75,138.119,593.883,477.61,318.631,571.399,593.943
511,238.391,531.469,307.127,353.954,826.103,393.847,348.837,156.264,640.43,492.799,322.769,519.981,354.265
512,347.511,494.405,505.035,399.495,797.521,640.781,711.533,690.597,692.512,570.985,318.631,814.369,329.46
513,374.829,737.015,412.054,432.12,327.328,389.817,319.621,384.756,283.89,444.104,506.428,656.566,291.204
514,310.315,375.805,368.552,376.883,667.56,525.872,159.81,371.641,452.852,530.192,553.087,703.454,372.923
515,231.674,634.004,742.206,357.32,257.288,266.252,348.837,298.798,459.846,635.833,353.67,708.872,368.348
516,540.41,594.201,549.405,329.432,545.478,320.664,930.368,323.329,698.82,485.987,490.452,836.007,329.46
517,584.611,429.75,313.209,260.439,314.57,402.223,474.396,220.991,775.667,420.981,409.33,319.422,411.825
518,226.506,751.611,412.969,371.552,385.711,477.61,416.073,642.515,380.04,477.61,342.228,285.7,339.6
519,621.9,659.206,524.819,459.854,339.608,480.175,263.148,,441.25,598.59,338.817,836.007,372.923
520,753.857,634.004,245.702,452.859,317.808,453.101,294.208,,367.226,491.73,349.897,323.39,329.46
521,259.019,536.555,457.196,424.669,350.486,418.892,562.084,,357.314,539.379,407.298,465.634,701.313
522,338.304,625.378,495.227,260.439,444.87,318.468,606.526,,527.719,547.131,456.828,367.682,480.266
523,259.019,521.148,664.985,446.649,1000.232,530.523,416.073,,290.832,758.645,353.67,701.639,354.265
524,422.696,614.391,396.208,1001.527,718.757,249.935,606.526,,393.451,524.87,535.717,394.457,552.521
525,418.988,336.106,527.722,372.672,421.231,377.003,474.396,,283.89,649.485,245.057,948.904,411.825
526,353.322,234.747,495.261,1054.076,247.831,382.088,416.073,,914.908,314.029,364.299,457.343,1018.799
527,302.136,262.455,381.655,166.664,434.784,449.992,400.166,,241.352,436.934,258.883,519.981,582.409
528,367.395,299.245,351.815,447.896,710.64,544.559,620.633,,781.305,543.269,415.364,404.04,368.348
529,335.19,535.305,429.128,388.883,376.761,376.537,592.082,,473.525,474.292,298.747,434.461,411.825
530,336.352,541.065,408.402,343.587,261.237,412.135,394.722,,404.452,361.802,578.88,642.824,585.313
531,464.89,324.639,292.033,211.546,334.546,345.427,383.6,,329.427,382.088,371.513,367.682,454.876
532,418.988,267.652,506.561,439.198,266.41,431.276,372.147,,367.226,951.724,335.867,434.461,480.266
533,503.561,316.037,506.561,423.092,268.959,430.868,328.935,,401.481,292.625,480.888,571.399,640.65
534,475.674,199.88,442.975,166.664,292.071,348.462,271.247,,518.567,556.984,327.869,546.296,536.954
535,419.918,299.245,368.577,87.84,215.421,337.201,263.148,,500.558,404.399,379.028,338.798,424.0
536,364.196,334.05,321.553,583.324,305.77,343.9,460.509,,300.282,488.508,340.283,224.73,527.393
537,307.258,317.125,396.208,256.095,188.38,302.067,394.722,,1161.27,676.74,419.339,541.223,651.153
538,335.19,241.971,390.452,496.896,640.429,462.681,526.296,,520.87,530.523,324.308,432.278,573.606
539,418.988,307.196,450.576,263.519,444.102,880.67,335.449,,509.251,379.323,373.739,181.183,354.265
540,280.718,473.147,518.343,431.22,236.56,395.182,383.6,,505.318,234.729,359.255,181.183,585.313
541,425.456,283.888,533.412,175.679,208.989,360.344,465.184,,493.332,393.847,255.009,293.013,494.19
542,201.424,299.245,533.412,373.706,235.113,377.003,416.073,,625.299,556.354,292.008,382.702,368.348
543,162.873,148.467,518.343,424.912,653.614,349.969,328.935,,423.722,481.635,350.371,224.73,407.686
544,399.933,378.518,506.561,459.797,313.484,345.427,383.6,,255.798,645.963,464.392,355.33,501.007
545,300.843,234.747,393.341,175.679,492.9,379.323,383.6,,267.985,504.413,375.068,767.052,497.61
546,312.295,538.512,313.23,223.948,233.657,393.847,416.073,,344.812,509.604,535.717,653.266,291.204
547,412.419,356.977,393.341,372.672,413.051,434.518,394.722,,344.812,498.816,437.158,603.015,339.6
548,529.982,672.212,366.524,306.811,413.051,285.953,478.936,,290.832,628.338,305.338,517.368,339.6
549,326.942,365.557,381.655,1123.524,399.615,375.136,530.391,,357.314,337.201,500.165,854.271,411.825
550,374.754,241.971,495.261,397.711,413.051,285.339,478.936,,164.714,378.86,328.374,321.765,354.265
551,302.136,393.682,358.193,223.948,761.629,395.182,460.509,,644.157,473.922,404.437,719.488,593.943
552,337.51,592.125,329.665,196.416,1801.622,1726.53,400.166,,,318.468,465.364,337.096,660.195
553,415.247,546.133,442.975,223.948,994.664,500.118,474.396,,,341.853,420.217,541.223,466.829
554,436.32,556.751,486.031,277.773,994.664,427.846,441.312,,,548.412,433.87,301.508,298.28
555,436.32,209.964,405.621,982.078,877.113,923.968,465.184,,,558.871,457.785,449.461,380.727
556,487.821,262.455,274.721,157.132,367.401,457.263,565.921,,,353.461,365.061,629.646,455.996
557,530.718,199.88,259.171,202.222,402.855,320.269,328.935,,,629.732,417.034,402.477,1176.244
558,389.055,211.598,271.96,416.66,223.464,258.972,400.166,,,361.802,326.521,421.84,505.882
559,450.398,409.968,330.808,343.587,201.427,444.133,465.184,,,914.874,424.556,513.422,543.97
560,302.136,634.251,259.171,196.416,1758.89,496.953,354.274,,,428.008,403.223,493.634,721.686
561,302.136,459.108,358.193,202.222,257.529,837.989,441.312,,,703.189,319.298,486.14,322.438
562,287.583,1049.819,347.498,223.948,201.427,390.231,465.184,,,600.639,457.421,378.6,399.935
563,291.624,473.147,415.729,186.336,391.061,522.494,530.391,,,431.276,387.206,1004.295,360.496
564,218.16,375.778,385.589,424.912,279.33,730.326,501.018,,,577.099,329.062,373.954,271.985
565,212.728,157.473,276.091,229.058,280.723,402.18,526.296,,,319.018,507.488,306.665,360.496
566,251.393,234.747,270.569,372.672,503.569,314.05,460.509,,,956.138,318.776,396.197,604.054
567,488.62,541.065,412.996,256.095,437.22,282.295,530.391,,,389.817,273.796,712.724,588.122
568,627.705,216.426,388.514,200.305,565.599,359.72,421.242,,,403.53,318.776,468.936,917.456
569,280.718,331.982,521.97,362.172,426.378,266.48,478.936,,,462.681,459.6,561.243,360.496
570,487.821,262.455,303.439,348.049,280.723,317.796,416.073,,,459.255,322.93,560.931,404.903
571,419.918,382.14,307.148,310.56,454.716,506.39,606.526,,,617.919,369.596,489.366,341.997
572,357.711,540.428,412.082,196.416,672.715,168.537,237.198,,,327.701,288.606,281.088,729.95
573,503.561,258.488,384.61,277.773,284.861,470.865,416.073,,,415.949,530.596,390.42,161.219
574,480.569,458.358,426.482,211.546,339.819,115.816,383.6,,,536.77,491.479,383.645,223.57
575,340.96,645.554,388.514,412.94,197.516,391.241,335.449,,,368.053,302.142,669.472,379.411
576,680.201,341.191,357.137,235.699,375.8,376.859,394.722,,,320.117,273.796,528.851,322.438
577,475.674,473.147,390.452,588.591,252.944,125.62,460.509,,,327.165,302.142,587.12,316.176
578,325.746,430.458,297.156,216.948,618.322,605.065,526.296,,,498.816,479.121,404.493,325.523
579,336.352,283.888,393.341,323.937,1099.367,298.595,530.391,,,378.86,479.121,394.429,562.936
580,474.031,575.608,358.193,721.142,711.057,328.779,478.936,,,474.292,310.302,224.373,240.793
581,450.398,258.488,440.411,310.56,291.629,266.48,400.166,,,322.302,514.011,245.93,322.438
582,345.506,270.214,440.411,492.216,454.716,314.05,595.726,,,285.953,416.234,491.86,380.727
583,458.127,278.993,447.214,273.575,287.587,338.242,460.509,,,254.802,324.987,378.138,254.909
584,437.213,316.037,474.242,237.33,318.485,177.653,354.274,,,463.817,225.778,332.903,474.264
585,415.247,808.514,501.319,817.428,291.629,467.502,328.935,,,411.283,496.537,411.774,230.18
586,521.823,434.44,494.498,439.198,187.38,238.347,335.449,,,450.382,354.41,393.097,353.496
587,583.248,270.214,439.554,668.967,225.203,815.078,328.935,,,528.866,439.592,450.3,254.909
588,487.821,936.784,470.247,509.924,474.86,251.24,294.208,,,353.461,352.525,320.053,271.985
589,542.352,274.011,457.227,175.679,475.681,196.626,421.242,,,571.906,365.517,299.747,385.942
590,573.127,274.011,550.129,262.051,519.583,170.861,383.6,,,455.804,220.553,249.459,353.496
591,158.01,688.913,579.525,211.546,1131.888,226.464,279.11,,,409.144,426.122,436.502,291.5
592,363.123,267.652,688.997,558.318,88.332,264.995,294.208,,,599.762,693.617,517.153,412.243
593,454.709,237.663,796.691,530.686,731.076,286.457,328.935,,,304.958,675.363,467.817,482.622
594,624.59,407.44,582.124,417.585,587.257,417.58,271.247,,,378.86,805.0,524.87,379.411
595,437.213,390.167,694.996,416.66,225.203,436.065,335.449,,,889.985,863.314,326.541,388.667
596,357.711,199.88,393.341,334.484,263.519,417.58,465.184,,,468.335,588.644,243.07,886.297
597,494.966,664.483,310.811,660.26,195.531,355.306,279.11,,,418.892,271.351,450.3,877.227
598,554.445,342.199,297.156,397.711,550.216,320.269,263.148,,,530.523,426.122,557.806,507.635
599,515.05,299.245,282.843,263.519,533.658,317.796,526.296,,,320.117,444.116,411.774,119.238
600,336.352,306.072,450.576,314.265,437.22,616.05,530.391,,,331.957,213.647,367.352,214.959
601,318.48,263.764,366.524,641.29,519.583,366.242,294.208,,,285.953,330.577,169.315,210.784
602,336.352,224.242,550.129,295.277,337.515,382.058,383.6,,,598.59,433.87,385.463,357.713
603,399.933,299.245,467.026,709.819,502.793,506.39,354.274,,,272.763,204.075,502.409,256.43
604,515.05,342.199,412.082,223.948,613.254,524.754,416.073,,,675.443,436.574,349.302,415.197
605,502.785,259.817,420.243,335.635,379.929,636.832,735.52,,,349.969,399.123,337.078,245.814
606,364.196,378.518,472.648,503.069,487.828,302.533,460.509,,,337.721,625.7,539.648,329.255
607,454.709,189.259,467.833,596.405,302.141,491.365,465.184,,,420.981,399.123,319.507,282.797
608,450.398,448.483,292.033,752.043,759.859,702.236,441.312,,,,438.287,557.806,339.879
609,357.711,131.227,381.655,431.22,454.716,565.289,460.509,,,,603.75,318.411,463.725
610,395.026,248.987,405.621,237.33,263.519,226.464,421.242,,,,229.483,573.566,252.941
611,433.629,382.14,447.214,416.66,339.819,342.875,465.184,,,,345.515,286.02,282.797
612,418.988,262.455,384.61,222.219,845.405,258.972,263.148,,,,612.226,313.431,379.411
613,638.183,577.997,524.854,211.546,1126.014,231.631,460.509,,,,209.414,436.502,465.637
614,335.19,473.147,447.214,527.77,415.253,676.483,394.722,,,,429.868,299.163,214.959
615,353.322,288.7,420.243,807.457,480.577,341.723,394.722,,,,344.7,423.081,388.667
616,237.015,241.971,415.729,305.551,509.729,845.021,,,,,322.22,209.047,133.312
617,363.123,823.707,302.193,117.849,487.828,266.48,,,,,271.351,280.466,306.906
618,308.525,222.7,467.026,361.106,363.128,497.746,,,,,427.293,187.91,298.094
619,367.395,259.817,226.541,202.222,379.929,405.112,,,,,624.351,302.071,238.475
620,312.295,237.663,313.23,285.985,581.247,586.525,,,,,427.683,467.443,256.43
621,502.785,189.259,280.162,256.095,415.253,438.771,,,,,245.57,467.443,1056.447
622,308.525,320.367,412.082,516.689,494.973,308.984,,,,,469.285,461.799,329.255
623,418.988,414.978,460.517,662.593,252.944,539.581,,,,,240.082,205.675,126.47
624,,,,,592.548,327.576,,,,,201.612,431.67,306.906
625,,,,,187.38,308.984,,,,,292.049,489.366,983.258
626,,,,,436.327,314.05,,,,,271.351,430.047,507.635
627,,,,,300.847,579.079,,,,,294.322,396.197,337.255
628,,,,,279.33,337.073,,,,,310.302,371.139,471.328
629,,,,,1012.16,293.262,,,,,421.405,529.182,168.627
630,,,,,751.599,341.723,,,,,285.122,534.768,282.797
631,,,,,569.723,607.668,,,,,895.145,542.234,188.531
632,,,,,139.665,338.242,,,,,285.122,427.193,337.255
633,,,,,212.731,286.457,,,,,271.351,355.748,381.746
634,,,,,636.97,464.963,,,,,464.647,436.502,227.021
635,,,,,399.939,365.163,,,,,318.776,385.463,173.817
636,,,,,774.605,282.295,,,,,273.796,394.429,306.906
637,,,,,494.973,685.751,,,,,318.776,363.044,214.959
638,,,,,169.91,1319.008,,,,,288.606,376.284,549.658
639,,,,,307.263,366.242,,,,,376.297,332.903,339.879
640,,,,,312.3,417.58,,,,,994.583,378.138,329.255
641,,,,,364.201,258.972,,,,,594.277,357.219,521.451
642,,,,,767.013,505.61,,,,,303.792,450.3,507.635
643,,,,,468.242,328.779,,,,,274.404,354.764,227.021
644,,,,,363.128,258.972,,,,,611.954,385.009,549.658
645,,,,,336.357,266.48,,,,,237.29,418.094,415.197
646,,,,,480.577,303.834,,,,,220.553,385.463,282.797
647,,,,,487.828,758.935,,,,,433.87,318.411,173.817
648,,,,,308.53,278.071,,,,,256.194,505.184,421.568
649,,,,,474.86,506.39,,,,,612.226,390.42,321.057
650,,,,,251.397,365.163,,,,,461.77,341.201,339.879
651,,,,,412.425,231.631,,,,,310.839,526.532,306.906
652,,,,,,,,,,,,363.044,
653,,,,,,,,,,,,198.759,
654,,,,,,,,,,,,225.15,
655,,,,,,,,,,,,227.467,
656,,,,,,,,,,,,280.466,
